Top searches for food service job,
food service jobs,100
food service manager,30
food service worker,25
food service resume,25
hospital food service,20
food service director,15
food service careers,10
food service management,10
us food service,10
cashier job description,5
food service supervisor,5
,
,
,
Rising searches for food service job,
food service careers,Breakout
food service director,Breakout
food service manager,Breakout
food service resume,Breakout
food service worker,Breakout
hospital food service,Breakout
food service jobs,180%
,
,
,
Top searches for fast food job,
fast food jobs,100
fast food resume,35
fast food applications,30
cashier job description,20
fast food worker,15
online job applications,15
mcdonalds job application,10
sonic fast food,10
cook job description,5
,
,
,
Rising searches for fast food job,
cashier job description,Breakout
fast food applications,Breakout
fast food resume,Breakout
fast food jobs,40%
,
,
,
Top searches for housekeeping job,
job in housekeeping,100
housekeeping jobs,90
job for housekeeping,55
housekeeping job description,50
housekeeping description,50
hotel housekeeping,30
hotel housekeeping job,30
hospital housekeeping,30
hospital housekeeping job,30
housekeeper,15
hospital housekeeping jobs,15
hotel housekeeping jobs,15
housekeeping resume,15
housekeeping job openings,15
housekeeping duties,10
housekeeping job duties,10
housekeeping supervisor job,10
house keeping,10
housekeeping services,10
housekeeping supervisor,10
resume for housekeeping,10
housekeeper jobs,5
housekeeper job description,5
housekeeping job descriptions,5
what is housekeeping,5
house keeping jobs,5
housekeeping job interview,5
,
,
,
Rising searches for housekeeping job,
hospital housekeeping,Breakout
hospital housekeeping job,Breakout
hospital housekeeping jobs,Breakout
hotel housekeeping,Breakout
hotel housekeeping job,Breakout
hotel housekeeping jobs,Breakout
housekeeper,Breakout
housekeeping description,Breakout
housekeeping job description,Breakout
job for housekeeping,Breakout
,
,
,
Top searches for administrative assistant,
administrative assistant jobs,100
administrative assistant job,85
administrative assistant resume,70
administrative assistant day,50
administrative assistant description,50
administrative assistant salary,50
job description,50
administrative medical assistant,45
medical assistant,40
office administrative assistant,30
executive assistant,25
executive administrative assistant,25
administrative assistant duties,15
sample resume,15
administrative assistant position,10
administrative assistant objective,10
medical assistant salary,10
administrative assistant pay,10
administrative assistant skills,10
administrative assistant resumes,10
administrative skills,10
administrative assistants,10
sample cover letter,10
administrative assistant positions,10
administrative assistant training,10
legal administrative assistant,10
professional administrative assistant,10
resume objective,5
resume cover letter,5
cover letter examples,5
administrative assistant degree,5
resume samples,5
administrative support assistant,5
sales administrative assistant,5
office manager,5
administrative assistant test,5
administrative assistant resources,5
administrative assistant salaries,5
virtual assistant,5
medical office assistant,5
job descriptions,5
senior administrative assistant,5
administrative assistant responsibilities,5
administrative assistant certification,5
virtual administrative assistant,5
administrative assistant objectives,5
administrative assistant definition,5
objective for resume,5
administrative assistant association,5
sample resumes,5
,
,
,
Rising searches for administrative assistant,
administrative assistant jobs,150%
medical assistant,150%
administrative assistant salary,140%
administrative medical assistant,120%
administrative assistant day,110%
job description,60%
administrative assistant description,50%
administrative assistant resume,50%
administrative assistant duties,40%
administrative assistant job,40%
,
,
,
Top searches for customer service job,
job description,100
customer service description,100
customer service jobs,55
customer service representative,35
customer service resume,30
job resume,30
customer service manager,15
job skills,15
customer service skills,15
customer service rep,15
customer service duties,10
job descriptions,10
customer service associate,10
customer service salary,10
sales job description,10
good customer service,10
customer service objective,10
job objective,10
customer service agent,5
cashier job description,5
customer service experience,5
customer service specialist,5
great customer service,5
customer service supervisor,5
customer service responsibilities,5
sales associate,5
call center jobs,5
customer service definition,5
customer service training,5
objective for resume,5
customer service resumes,5
customer service positions,5
customer service titles,5
customer service objectives,5
excellent customer service,5
customer service coordinator,5
customer service quotes,0
customer service qualifications,0
,
,
,
Rising searches for customer service job,
customer service associate,Breakout
customer service duties,Breakout
customer service skills,Breakout
job skills,Breakout
customer service resume,300%
job resume,250%
customer service description,130%
job description,120%
customer service jobs,110%
customer service representative,110%
,
,
,
Top searches for work in customer service,
customer service jobs,100
customer service skills,20
customer service experience,20
,
,
,
Rising searches for work in customer service,
customer service experience,Breakout
customer service jobs,Breakout
customer service skills,Breakout
,
,
,
Top searches for daycare job,
daycare jobs,100
daycare job openings,40
daycare openings,40
daycare job description,35
day care job,35
daycare center,30
daycare center job,30
daycare centers,20
daycare teacher job,20
daycare teacher,20
home daycare,20
daycare job search,20
daycare application,20
daycare job application,15
daycare assistant,15
day care jobs,15
daycare director,10
child care jobs,10
in home daycare,10
daycare worker,10
daycare job opportunities,10
daycare job listings,10
daycare provider,10
childcare jobs,10
daycare job applications,5
summer daycare jobs,5
ymca daycare,5
daycare job duties,5
daycare job requirements,5
daycare positions,5
daycare assistance,5
daycare job positions,5
daycare job descriptions,5
daycare interview questions,5
daycares hiring,5
,
,
,
Rising searches for daycare job,
day care job,Breakout
daycare job description,Breakout
daycare openings,Breakout
daycare teacher,Breakout
daycare teacher job,Breakout
daycare jobs,200%
daycare job openings,160%
daycare center job,110%
daycare center,40%
daycare centers,40%
,
,
,
Top searches for sales associate job,
sales job description,100
sales associate description,100
job description,95
sales resume,25
sales associate resume,25
retail sales associate,20
retail sales,20
sales associate jobs,15
retail job description,15
sales associate duties,10
sales assistant,10
cashier job description,5
sales associate salary,5
customer service associate,5
sales associate skills,5
retail sales resume,5
retail resume,5
job responsibilities,5
sales associate responsibilities,5
walmart sales associate,5
sales representative,5
sale associate,0
cashier resume,0
sales associate definition,0
cashier job duties,0
cashier duties,0
receptionist job description,0
server job description,0
job description template,0
,
,
,
Rising searches for sales associate job,
cashier,Breakout
retail job description,Breakout
retail sales,Breakout
retail sales associate,Breakout
sales assistant,Breakout
sales associate duties,Breakout
sales associate jobs,Breakout
sales associate resume,Breakout
sales resume,Breakout
sales job description,250%
,
,
,
Top searches for temporary job,
job agencies,100
temporary agencies,100
temporary job agencies,95
temporary jobs,95
temporary services,45
job temporary services,40
temporary job employment,40
temporary agency,40
temporary employment,40
temp job,40
temporary job agency,35
temporary work,25
employment agencies,20
temporary job service,20
temporary employment agencies,20
temp job agencies,15
temp jobs,15
temporary job placement,15
temporary job search,15
job placement,15
unemployment temporary job,15
temporary job openings,10
kelly temporary,10
job temp agency,10
temporary agency jobs,10
temporary employment agency,10
temporary home,10
kelly temporary services,10
temporary summer job,10
temp job services,5
temp services,5
job placement agencies,5
temporary job companies,5
temporary job positions,5
temporary job listings,5
temporary resources,5
temporary work agencies,5
temporary solutions,5
temporary jobs chicago,0
best temporary jobs,0
temporary job sites,0
,
,
,
Rising searches for temporary job,
temporary job agencies,120%
temporary employment agencies,110%
temporary work,110%
job agencies,100%
temporary agencies,100%
temp job agencies,80%
temporary jobs,80%
job temporary services,70%
employment agencies,50%
temporary job service,40%
,
,
,
Top searches for temp job,
temp agencies,100
temp job agencies,95
job agencies,95
temp jobs,85
job agency,65
temp job agency,65
temp agency,65
temp job services,35
temp services,30
temporary job,25
temp job service,20
temp service,20
temp agency jobs,20
temp job search,20
temp work,15
temporary job agencies,10
temporary agencies,10
job placement,10
temp job placement,10
kelly temp,10
temp job resume,5
kelly temp services,5
temp job description,5
temp job chicago,5
temporary job services,5
job placement agencies,5
temp to hire,5
nyc temp agencies,5
temp jobs nyc,5
chicago temp agencies,5
temp agencys,0
nyc temp agency,0
temp agencies nj,0
manpower jobs,0
,
,
,
Rising searches for temp job,
temp agency jobs,170%
temp agencies,140%
job agencies,120%
temp job agencies,100%
temp services,100%
temp job service,80%
temp job services,80%
temp jobs,80%
temp service,70%
temp job agency,50%
,
,
,
Top searches for temporary work,
temporary jobs,100
temporary work agencies,90
temporary agencies,85
temp work,65
temporary employment,55
temporary work visa,55
work visa,55
temporary job,55
temporary work agency,45
temporary agency,45
work permit,40
temporary work permit,40
temporary home,35
temporary services,35
temporary work services,30
unemployment temporary work,30
temporary staffing,25
temporary work canada,25
temporary workers,20
temp work agencies,20
temporary work service,20
temporary disability,20
temporary employment agencies,20
part time work,15
temporary office work,15
temporary work contract,15
temporary license,15
temporary work program,10
temporary legal work,10
canada work visa,10
canada work permit,10
temporary summer work,10
temporary job agencies,10
temporary work visas,10
temporary staffing agencies,10
temporary work companies,10
temporary work resume,10
temporary work nj,10
temporary work chicago,10
kelly temporary services,5
temporary work nyc,5
temporary work assignment,5
temporary work seattle,5
temporary work permits,5
temporary work boston,5
canadian work visa,5
temporary work location,5
temporary work authorization,5
,
,
,
Rising searches for temporary work,
unemployment temporary work,Breakout
temporary job,160%
temporary work permit,150%
temporary home,120%
work visa,110%
temporary jobs,100%
temporary staffing,90%
temporary work visa,90%
temporary services,80%
temporary work agencies,80%
,
,
,
Top searches for temp work,
work temp agencies,100
temp agencies,95
work agencies,95
temp jobs,95
work agency,80
work temp agency,80
temp agency,80
temporary work,45
temp job,40
temp services,30
temp work services,30
temp environment variable,20
temp service,15
temp office work,15
temp work nyc,15
temporary agencies,15
temporary work agencies,15
part time work,15
temporary jobs,10
temp job agencies,10
resume temp work,10
temp work ny,10
temp work chicago,10
kelly temp,10
temp work nj,10
manpower temp work,10
temp legal work,10
temp workers,5
temp work dc,5
seattle temp work,5
temp to hire,5
temp work boston,5
nyc temp agencies,5
temp work atlanta,5
denver temp work,5
,
,
,
Rising searches for temp work,
temp environment variable,Breakout
temp service,Breakout
work agency,90%
temp agencies,80%
work agencies,70%
work temp agencies,70%
temp jobs,60%
temp services,60%
temp agency,50%
,
,
,
Top searches for pay per hour,
per hour calculator,100
cna pay,70
medical assistant pay,35
,
,
,
Rising searches for pay per hour,
per hour calculator,Breakout
,
,
,
Top searches for work for minimum wage,
minimum wage jobs,100
,
,
,
Rising searches for work for minimum wage,
minimum wage jobs,Breakout
,
,
,
Top searches for payday loan,
payday loans,100
loans,100
payday cash loan,50
cash loan,50
payday loan advance,35
payday advance,30
payday loan online,30
cash loans,20
payday loan lenders,20
payday lenders,20
cash advance loan,20
cash advance,20
payday cash advance,20
pay day loan,15
online loans,15
online payday loans,15
bad credit loan,15
payday advance loans,15
bad credit loans,10
pay day loans,10
payday loan companies,10
payday loan store,10
personal loan,10
my payday loan,10
payday loan yes,10
fast payday loan,10
direct payday lenders,10
payday loan lender,5
payday loan consolidation,5
best payday loan,5
payday loan laws,5
payday loan debt,5
payday loan company,5
personal loans,5
payday one,5
ace payday loan,5
free payday loan,5
instant payday loan,5
quick payday loan,5
payday loan reviews,5
national payday,5
payday loan help,5
title loans,5
national payday loan,5
fast cash,5
payday loan scam,5
payday loan business,5
advance america,5
payday loan locations,5
usa payday loan,5
,
,
,
Rising searches for payday loan,
payday lenders,Breakout
payday loan lenders,Breakout
online loans,650%
online payday loans,450%
bad credit loans,200%
payday loan online,200%
bad credit loan,180%
cash loans,130%
loans,130%
payday loans,120%
,
,
,
Top searches for get a payday loan,
payday loans,100
payday advance,25
payday loans online,20
payday advance loans,15
payday one,10
payday lenders,10
payday loan lenders,10
cash advance loans,10
fast payday loans,10
payday loan companies,5
direct payday lenders,5
,
,
,
Rising searches for get a payday loan,
cash advance loans,Breakout
payday advance,Breakout
payday advance loans,Breakout
payday lenders,Breakout
payday loan lenders,Breakout
payday loans,Breakout
payday loans online,Breakout
payday one,Breakout
,
,
,
Top searches for cash advance,
cash loans,100
cash advance loans,95
payday advance,85
cash in advance,80
payday cash advance,80
cash america advance,70
cash america,65
advance america,65
cash loan advance,60
cash loan,55
check advance,55
check cash advance,50
payday advance loans,45
payday loans,45
online cash advance,40
payday loan,30
ace cash advance,20
ace cash,20
american cash advance,20
express cash advance,20
first cash advance,20
magnum cash advance,15
check into cash,15
cash advance locations,15
pay day advance,15
cash advance lenders,15
fast cash advance,15
fast cash,15
allied cash advance,15
cash advances,10
usa cash advance,10
chase cash advance,10
business cash advance,10
cash advance fee,10
cash n advance,10
check cashing,10
payday loans online,10
national cash advance,10
cash advance now,10
pay day loans,10
bad credit loans,10
cash now,10
quick cash advance,10
quick cash,5
instant cash advance,5
merchant cash advance,5
best cash advance,5
us cash advance,5
ace cash express,5
,
,
,
Rising searches for cash advance,
cash in advance,130%
cash loans,90%
online cash advance,90%
cash america advance,80%
advance america,70%
cash advance loans,70%
cash america,70%
payday loans,60%
payday advance loans,50%
cash loan,40%
,
,
,
Top searches for get a cash advance,
cash in advance,100
cash advance loans,90
payday advance,70
online cash advance,40
cash advance america,25
chase cash advance,25
cash advances,20
visa cash advance,20
,
,
,
Rising searches for get a cash advance,
cash advance america,Breakout
cash advance loans,Breakout
cash advances,Breakout
cash in advance,Breakout
chase cash advance,Breakout
online cash advance,Breakout
payday advance,Breakout
,
,
,
Top searches for utility bill,
pay utility bill,100
water utility bill,70
water bill,70
average utility bill,65
electric bill,50
utility bills,50
utilities bill,40
utility assistance,35
utility bill assistance,30
utility help,30
utility bill help,30
gas bill,30
utility bill payment,30
my utility bill,30
average electric bill,15
average water bill,15
average utility costs,15
average utility bills,10
average gas bill,10
utility calculator,10
utility bill calculator,10
utility bill payments,5
tallahassee utility bill,5
raleigh utility bill,5
fresno utility bill,5
austin utility bill,5
sample utility bill,5
utility bill management,5
city of tallahassee,5
seattle utility bill,5
fake utility bill,5
typical utility bill,5
utility bill template,5
utility billing services,5
utility bill history,5
bentonville utility bill,5
utility bill estimator,0
utility bill scam,0
minneapolis utility bill,0
naperville utility bill,0
,
,
,
Rising searches for utility bill,
my utility bill,Breakout
utility bill help,Breakout
utility help,Breakout
pay utility bill,250%
gas bill,160%
utility bill assistance,150%
utility assistance,140%
utility bill payment,140%
water utility bill,130%
water bill,120%
,
,
,
Top searches for electricity bill,
electricity bill average,100
electric bill,95
electricity cost,50
pay electricity bill,40
water bill,40
electricity bill online,30
electricity bill payment,30
gas bill,30
average electricity cost,25
average electric bill,25
what is electricity,25
cost of electricity,20
average water bill,20
utility bill,20
monthly electricity bill,20
electricity bills,15
save electricity,15
electricity calculator,15
electricity bill calculator,15
high electricity bill,15
electricity rates,15
bill nye electricity,15
electricity costs,15
electricity bill help,10
lower electricity bill,10
electricity prices,10
average cable bill,5
maharashtra electricity bill,5
electricty bill,5
reduce electricity bill,5
bangalore electricity bill,5
cut electricity bill,5
electricity bill assistance,5
high electric bill,5
calculate electricity bill,5
average electricity usage,5
electricity cost calculator,5
electricity companies,5
electric bill calculator,5
computer electricity bill,5
typical electricity bill,5
estimate electricity bill,5
austin electricity bill,5
saving electricity,5
electricity bill estimator,5
lower electric bill,5
pune electricity bill,5
sample electricity bill,0
los angeles electricity,0
reliance electricity bill,0
,
,
,
Rising searches for electricity bill,
average electric bill,Breakout
average electricity cost,Breakout
average water bill,Breakout
cost of electricity,Breakout
electricity bill online,Breakout
electricity bill payment,Breakout
pay electricity bill,Breakout
what is electricity,Breakout
electricity bill average,130%
electricity cost,120%
,
,
,
Top searches for water bill,
pay water bill,100
average water bill,20
water bill payment,15
american water,15
phoenix water bill,10
water bill houston,10
baltimore water bill,5
san diego water,5
fort worth water,5
city of phoenix,5
gwinnett water bill,5
nyc water bill,5
raleigh water bill,5
chicago water bill,5
average electric bill,5
tampa water bill,5
dekalb water bill,5
durham water bill,5
city of houston,5
oklahoma water bill,5
wichita water bill,5
tucson water bill,5
tucson water,0
water bill calculator,0
dallas water bill,0
dekalb county water,0
atlanta water bill,0
columbus water bill,0
mckinney water bill,0
atmos energy,0
hillsborough county water,0
cox bill pay,0
greensboro water bill,0
city of raleigh,0
broward water bill,0
okc water bill,0
cincinnati water works,0
southwest gas,0
tempe water bill,0
louisville water company,0
indiana american water,0
,
,
,
Rising searches for water bill,
average electric bill,Breakout
chicago water bill,Breakout
fort worth water,Breakout
gwinnett water bill,Breakout
nyc water bill,Breakout
raleigh water bill,Breakout
pay water bill,350%
american water,130%
baltimore water bill,100%
water bill houston,100%
,
,
,
Top searches for get out of debt,
credit card debt,100
debt help,45
debt free,40
debt consolidation,35
debt calculator,25
credit consolidation,15
debt counseling,10
debt consolidation loan,10
debt consolidation loans,10
debt management,10
debt solutions,5
help with debt,5
credit card consolidation,5
consolidate debt,5
paying off debt,5
debt reduction,5
debt snowball,5
eliminate debt,5
,
,
,
Rising searches for get out of debt,
credit consolidation,Breakout
debt calculator,Breakout
debt relief,Breakout
credit card debt,140%
debt consolidation,50%
,
,
,
Top searches for forgive loans,
forgive student loans,100
forgive school loans,10
,
,
,
Rising searches for forgive loans,
forgive college loans,Breakout
forgive school loans,Breakout
,
,
,
Top searches for bad credit score,
bad credit loan,100
bad credit loans,90
get credit score,85
credit score free,75
what is credit,70
bad credit cards,70
my credit score,65
good credit score,65
credit report score,55
bad credit mortgage,40
low credit score,25
fico score,20
fico,20
check credit score,20
improve credit score,20
credit scores,15
bad credit scores,15
fix bad credit,15
fix credit score,15
credit score calculator,15
credit repair,10
repair credit score,10
credit score range,10
fair credit score,10
free credit check,10
average credit score,10
bad credit refinance,5
550 credit score,5
credit score rating,5
secured credit cards,5
equifax credit score,5
experian credit score,5
580 credit score,5
bad credit mortgages,5
,
,
,
Rising searches for bad credit score,
good credit score,Breakout
my credit score,Breakout
get credit score,170%
bad credit cards,160%
credit score free,160%
bad credit loan,100%
what is credit,70%
bad credit loans,60%
,
,
,
Top searches for fix my credit score,
fix your credit,100
repair my credit,70
,
,
,
Rising searches for fix my credit score,
fix your credit,Breakout
repair my credit,Breakout
,
,
,
Top searches for get a loan with bad credit,
bad credit loans,100
personal loan,50
no credit loans,20
getting a loan,10
,
,
,
Rising searches for get a loan with bad credit,
no credit loans,Breakout
personal loan,Breakout
bad credit loans,60%
,
,
,
Top searches for file for bankruptcy,
filing for bankruptcy,100
filing bankruptcy,100
chapter 7,95
chapter 7 bankruptcy,90
what is bankruptcy,60
free bankruptcy,50
chapter 13 bankruptcy,50
chapter 13,50
bankruptcy court,40
california bankruptcy,35
bankruptcy attorney,30
bankruptcy in california,30
bankruptcy laws,25
florida bankruptcy,25
bankruptcy lawyers,25
file for bankrupcy,25
file bankruptcy online,25
filing chapter 7,20
bankrupcy,20
bankruptcy law,20
bankruptcy in florida,20
business bankruptcy,20
personal bankruptcy,15
chapter 11 bankruptcy,15
bankruptcy forms,15
bankruptcy in texas,15
filing chapter 13,10
means test,10
bankruptcy means test,10
medical bankruptcy,10
bankruptcy information,10
bankruptcy in illinois,10
bankruptcy nj,10
bankruptcy rules,10
bankruptcy in pa,5
bankruptcy code,5
bankruptcy in nj,5
requirements for bankruptcy,5
washington state bankruptcy,5
divorce and bankruptcy,5
bankruptcy questions,5
filing bankruptcy online,5
bankruptcy in missouri,5
free bankruptcy lawyers,5
,
,
,
Rising searches for file for bankruptcy,
bankruptcy attorney,Breakout
bankruptcy in california,Breakout
california bankruptcy,Breakout
free bankruptcy,Breakout
what is bankruptcy,Breakout
chapter 13 bankruptcy,120%
chapter 13,100%
filing bankruptcy,100%
chapter 7,60%
chapter 7 bankruptcy,60%
,
,
,
Top searches for reverse mortgage,
reverse mortgage calculator,100
reverse home mortgage,50
reverse mortgages,45
reverse mortgage loan,35
reverse mortgage lenders,30
reverse mortgage information,20
reverse mortgage rates,20
hud reverse mortgage,20
aarp reverse mortgage,20
reverse equity mortgage,20
fha reverse mortgage,15
reverse mortgage cons,15
reverse mortgage loans,15
one reverse mortgage,15
reverse mortgage texas,15
reverse mortgage florida,10
hecm reverse mortgage,10
senior reverse mortgage,10
national reverse mortgage,10
california reverse mortgage,10
hecm,10
financial freedom,10
reverse mortgage company,10
reverse mortgage counseling,10
first reverse mortgage,10
metlife reverse mortgage,10
reverse mortgage definition,10
reverse mortage,10
american reverse mortgage,10
reverse mortgage disadvantages,10
reverse mortgage purchase,10
reverse mortgage wiki,10
reverse mortgage association,10
best reverse mortgage,10
reverse mortgage companies,10
reverse mortgage scam,5
reverse mortgage age,5
reverse mortgage news,5
reverse mortgage jobs,5
reverse mortgage leads,5
seniors reverse mortgage,5
reverse mortgage solutions,5
reverse mortgage daily,5
reverse mortgage program,5
reverse mortgage lender,5
reverse mortgage foreclosure,5
,
,
,
Rising searches for reverse mortgage,
reverse mortgage calculator,200%
reverse mortgage information,190%
reverse home mortgage,100%
reverse mortgage rates,80%
hud reverse mortgage,70%
reverse mortgage loan,70%
reverse mortgage lenders,40%
,
,
,
Top searches for cheap apartment,
cheap apartments,100
apartment for cheap,80
apartment rent,70
cheap apartment rent,65
cheap rent,65
apartment for rent,50
cheap apartment rentals,25
cheap rentals,25
apartment rentals,25
cheap studio apartment,15
studio apartment,15
cheap apartment rental,15
apartment rental,15
cheap apartment finder,15
apartment finder,15
studio apartments,10
cheap housing,10
cheap studio apartments,10
cheap apartment furniture,10
new york apartment,10
cheap furniture,10
apartment furniture,10
cheap nyc apartment,10
find cheap apartment,5
apartment ideas,5
apartment decorating,5
apartment decorating cheap,5
cheap apartment ideas,5
apartment guide,5
my cheap apartment,5
rent an apartment,5
apartment search,5
cheap apartment search,5
one bedroom apartment,5
cheap decorating ideas,5
cheap nyc apartments,5
apartment decorating ideas,5
decorate apartment cheap,5
1 bedroom apartments,5
apartment listings,5
one bedroom apartments,5
apartment decor,5
apartment reviews,5
cheap apartment decor,0
cheap chicago apartments,0
apartment insurance,0
,
,
,
Rising searches for cheap apartment,
apartment for cheap,200%
apartment for rent,200%
cheap apartments,150%
cheap studio apartment,140%
apartment rent,130%
studio apartment,130%
cheap rent,100%
cheap apartment rent,90%
apartment rentals,40%
cheap rentals,40%
,
,
,
Top searches for help with rent,
assistance with rent,100
rent assistance,100
help paying rent,85
need help,80
help pay rent,60
help with housing,55
housing help,50
rental help,45
i need help,40
help with bills,35
help with money,30
rental assistance,30
government help,25
emergency help,20
salvation army help,20
pay my rent,15
rent assistance programs,15
help with eviction,10
help paying bills,10
emergency rent assistance,10
single mom help,5
rental assistance programs,5
help u rent,5
,
,
,
Rising searches for help with rent,
assistance with rent,Breakout
help pay rent,Breakout
help paying rent,Breakout
help with housing,Breakout
housing help,Breakout
i need help,Breakout
need help,Breakout
rent assistance,Breakout
rental help,Breakout
,
,
,
Top searches for rent assistance,
assistance for rent,100
housing assistance,55
rent help,50
assistance with rent,45
rental assistance,45
rent assistance programs,30
help with rent,25
emergency rent assistance,20
emergency assistance,20
rent assistance program,20
assistance paying rent,15
section 8 assistance,15
financial assistance,15
help paying rent,10
government rent assistance,10
government assistance,10
florida rent assistance,10
hud rent assistance,10
rent assistance texas,10
help pay rent,10
free rent assistance,10
rent assistance milwaukee,10
ny rent assistance,10
public assistance,10
california rent assistance,5
rent payment assistance,5
rent assistance nj,5
rental assistance programs,5
housing assistance programs,5
nyc rent assistance,5
housing assistance program,5
rent assistance grants,5
rental assistance program,5
rent assistance georgia,5
cash assistance,5
wisconsin rent assistance,5
hud housing assistance,5
emergency rental assistance,5
,
,
,
Rising searches for rent assistance,
help with rent,Breakout
assistance with rent,300%
emergency assistance,180%
rent assistance programs,150%
assistance for rent,140%
rent help,120%
rental assistance,80%
emergency rent assistance,70%
housing assistance,70%
,
,
,
Top searches for cash assistance,
welfare cash assistance,100
florida cash assistance,95
cash assistance pa,85
cash assistance program,85
temporary cash assistance,75
tanf cash assistance,60
emergency cash,60
emergency cash assistance,60
tanf,55
cash assistance application,50
cash assistance michigan,50
cash aid,50
cash assistance ohio,45
public assistance,45
family cash assistance,45
cash assistance california,40
housing assistance,40
rent assistance,40
financial assistance,40
government assistance,35
cash assistance programs,35
cash assistance nyc,35
government cash assistance,35
cash assistance ny,30
ebt cash assistance,30
illinois cash assistance,30
maryland cash assistance,30
cash assistance arizona,25
cash assistance eligibility,25
fl cash assistance,25
az cash assistance,25
dhs cash assistance,25
cash assistance calculator,20
ct cash assistance,20
cash assistance mi,20
general assistance,20
pennsylvania cash assistance,20
cash assistance ma,20
cash assistance md,20
federal cash assistance,15
cash assistance nj,15
,
,
,
Rising searches for cash assistance,
cash aid,Breakout
cash assistance application,Breakout
cash assistance michigan,Breakout
cash assistance pa,Breakout
emergency cash,Breakout
emergency cash assistance,Breakout
florida cash assistance,Breakout
tanf,Breakout
tanf cash assistance,Breakout
temporary cash assistance,Breakout
,
,
,
Top searches for get rich quick,
get rich schemes,100
get rich online,30
get rich fast,25
get money fast,15
get rich slowly,5
,
,
,
Rising searches for get rich quick,
get money fast,Breakout
get rich schemes,250%
get rich online,140%
,
,
,
Top searches for food stamps,
food stamps florida,100
food stamps application,70
food stamp,65
texas food stamps,60
food stamps online,55
food stamps office,35
food stamps eligibility,35
food stamps california,35
ebt,30
ebt food stamps,30
ga food stamps,30
welfare,25
georgia food stamps,25
snap food stamps,25
food stamps ny,25
snap,25
medicaid,25
louisiana food stamps,25
nyc food stamps,25
oregon food stamps,20
foodstamps,20
wic,20
food stamps ca,20
indiana food stamps,20
fl food stamps,20
ohio food stamps,20
pa food stamps,15
social services,15
washington food stamps,15
nj food stamps,15
food stamp application,15
food stamps illinois,15
michigan food stamps,15
food stamps calculator,15
alabama food stamps,10
food stamps arizona,10
colorado food stamps,10
missouri food stamps,10
food stamps tn,10
,
,
,
Rising searches for food stamps,
snap,Breakout
snap food stamps,Breakout
ga food stamps,700%
food stamps online,400%
georgia food stamps,180%
food stamps florida,150%
food stamps application,110%
ebt,100%
ebt food stamps,80%
food stamps ny,50%
,
,
,
Top searches for apply for food stamps,
how to apply,100
food stamps online,75
apply online,70
florida food stamps,30
food stamps texas,20
apply texas,20
food stamps application,15
food stamp,15
apply for medicaid,15
ga food stamps,15
georgia food stamps,15
california food stamps,10
apply for unemployment,10
apply for foodstamps,10
foodstamps,10
food stamps ny,10
apply for welfare,10
food stamps louisiana,5
food stamps ca,5
food stamps pa,5
food stamps nyc,5
apply for ebt,5
apply for snap,5
snap food stamps,5
food stamps ohio,5
apply for wic,5
ebt food stamps,5
food stamp application,5
indiana food stamps,5
food stamps nj,5
food stamps tn,5
arizona food stamps,5
food stamps tennessee,5
michigan food stamps,5
apply for medical,5
maryland food stamps,5
food stamps missouri,5
food stamps eligibility,5
oregon food stamps,5
food stamp office,5
apply for disability,5
apply for walmart,5
,
,
,
Rising searches for apply for food stamps,
apply for medicaid,Breakout
apply for unemployment,Breakout
apply online,Breakout
apply texas,Breakout
california food stamps,Breakout
florida food stamps,Breakout
food stamp,Breakout
food stamps application,Breakout
food stamps texas,Breakout
ga food stamps,Breakout
,
,
,
Top searches for tanf,
tanf welfare,100
tanf assistance,100
tanf program,95
tanf texas,85
what is tanf,75
tanf food stamps,70
tanf benefits,60
apply for tanf,50
tanf application,50
tanf eligibility,45
afdc tanf,40
afdc,40
california tanf,30
tanf georgia,30
tanf requirements,30
tanf in texas,30
tanf programs,25
ga tanf,25
tanf florida,20
tanf colorado,20
tribal tanf,20
tanf illinois,20
indiana tanf,20
tanf cash assistance,20
oregon tanf,20
tanf nj,20
virginia tanf,20
tanf number,15
tanf guidelines,15
tanf grant,15
va tanf,15
tanf card,15
tanf policy,15
tanf in georgia,15
eligibility for tanf,15
tanf recipients,15
tanf calculator,10
missouri tanf,10
tanf washington state,10
tanif,10
tanf statistics,10
tanf pa,10
tanf ohio,10
maine tanf,10
dc tanf,10
,
,
,
Rising searches for tanf,
apply for tanf,Breakout
what is tanf,450%
tanf application,300%
tanf benefits,300%
tanf program,160%
tanf texas,150%
tanf eligibility,90%
tanf food stamps,90%
california tanf,80%
tanf assistance,70%
,
,
,
Top searches for food stamp office,
food stamps office,100
food stamps,95
food stamp number,50
food stamp application,30
welfare office,20
foodstamp office,20
foodstamp,20
medicaid office,15
snap office,15
food stamp nyc,15
texas food stamps,10
food stamp program,10
food stamps application,10
food stamp offices,10
wic office,10
food stamp benefits,10
louisiana food stamps,5
food stamp eligibility,5
food stamps alabama,5
food stamps nyc,5
food stamp calculator,5
food stamps ny,5
food stamps ca,5
food stamps california,5
food stamp fraud,5
food stamps eligibility,5
food stamps indiana,5
food stamps ky,5
food stamp balance,5
food stamps georgia,0
,
,
,
Rising searches for food stamp office,
food stamp application,Breakout
food stamp number,Breakout
food stamp nyc,Breakout
foodstamp,Breakout
foodstamp office,Breakout
medicaid office,Breakout
snap office,Breakout
texas food stamps,Breakout
welfare office,Breakout
,
,
,
Top searches for free clinic,
health clinic,100
free health clinic,100
free clinics,50
free medical clinic,45
free dental,35
free dental clinic,30
std clinic,30
std,30
free std clinic,30
the free clinic,25
free health clinics,20
free pregnancy clinic,15
free std testing,10
std testing,10
free clinic nyc,10
free animal clinic,10
animal clinic,10
free medical clinics,10
free clinic cleveland,10
free womens clinic,10
cleveland clinic,10
free pregnancy test,5
la free clinic,5
berkeley free clinic,5
free clinic chicago,5
abortion clinic,5
free dental care,5
free abortion clinic,5
free clinic nj,5
washington free clinic,5
free birth control,5
free dental clinics,5
free pet clinic,5
free dog clinic,5
free clinic atlanta,5
free clinic philadelphia,5
free rabies clinic,5
haight free clinic,5
hollywood free clinic,5
portland free clinic,5
free clinic austin,5
saban free clinic,5
richmond free clinic,5
free clinic brooklyn,5
minute clinic,5
fan free clinic,5
columbus free clinic,5
arlington free clinic,5
free pregnancy clinics,5
seattle free clinic,5
,
,
,
Rising searches for free clinic,
free dental clinic,120%
free pregnancy clinic,120%
the free clinic,120%
free dental,100%
animal clinic,80%
free animal clinic,70%
free womens clinic,70%
free health clinics,60%
free std testing,60%
health clinic,60%
,
,
,
Top searches for free healthcare,
free health care,100
free healthcare clinic,55
free clinic,55
free healthcare clinics,40
free clinics,40
free health insurance,35
free healthcare training,20
free health clinics,20
us healthcare,20
obama free healthcare,15
free market healthcare,15
obama healthcare,15
free government healthcare,15
universal healthcare,15
free healthcare florida,15
healthcare reform,15
canada free healthcare,15
canada healthcare,15
free national healthcare,10
united healthcare insurance,10
free healthcare nyc,10
free mental healthcare,10
healthcare in canada,10
healthcare powerpoint templates,5
uninsured healthcare,5
free our healthcare,5
healthcare pictures,5
united healthcare online,5
free healthcare images,5
healthcare images,5
,
,
,
Rising searches for free healthcare,
free health clinics,Breakout
free healthcare training,Breakout
obama free healthcare,Breakout
free healthcare clinic,180%
free clinic,150%
free health care,110%
free healthcare clinics,110%
free clinics,70%
free health insurance,60%
us healthcare,40%
,
,
,
Top searches for apply for medicaid,
how to apply,100
texas medicaid,35
apply texas,35
apply for medicare,25
florida medicaid,25
medicaid in texas,25
medicaid application,20
application for medicaid,20
medicaid in florida,15
medicaid office,10
apply for medical,10
medicaid ny,10
georgia medicaid,10
medicaid michigan,10
what is medicaid,10
medicaid eligibility,10
eligibility for medicaid,10
medicaid nj,5
medicaid application online,5
applying for medicaid,5
pregnancy medicaid,5
indiana medicaid,5
medicade,5
apply for medicade,5
medicaid new york,5
apply for unemployment,5
apply for disability,5
medicaid in michigan,5
medicaid fl,5
apply for wic,5
louisiana medicaid,5
sc medicaid,5
ohio medicaid,5
illinois medicaid,5
medicaid application texas,5
apply for ssi,5
medicaid colorado,5
utah medicaid,5
missouri medicaid,5
alabama medicaid,5
emergency medicaid,5
,
,
,
Rising searches for apply for medicaid,
application for medicaid,Breakout
apply for medical,Breakout
apply texas,Breakout
florida medicaid,Breakout
medicaid in florida,Breakout
medicaid in texas,Breakout
medicaid ny,Breakout
medicaid office,Breakout
how to apply,130%
texas medicaid,120%
,
,
,
Top searches for apply for medicare,
apply for medicaid,100
medicare medicaid,100
social security medicare,50
apply medicare online,40
medicare online,40
medicare insurance,35
apply for medical,30
medicare part b,25
application for medicare,25
medicare application,25
medicare benefits,20
what is medicare,20
medicare office,20
medicare card,20
medicare and medicaid,15
florida medicare,15
medicare disability,15
apply for disability,15
medicare part a,15
medicare eligibility,10
eligibility for medicare,10
applying for medicare,10
medicare in texas,10
apply for medicade,10
eligibility for medicaid,10
what is medicaid,5
medicare sign up,5
nj medicare,5
eligible for medicare,5
medicare form,5
medicare application online,5
medicare provider number,5
requirements for medicare,5
medicaid or medicare,5
applying for medicaid,5
medicare requirements,5
enroll in medicare,5
medicare forms,5
,
,
,
Rising searches for apply for medicare,
application for medicare,Breakout
apply for medical,Breakout
apply medicare online,Breakout
medicare application,Breakout
medicare insurance,Breakout
medicare online,Breakout
medicare part b,Breakout
social security medicare,Breakout
apply for medicaid,160%
medicare medicaid,130%
,
,
,
Top searches for unemployment check,
check unemployment status,100
unemployment status,95
check unemployment claim,65
unemployment california,35
california unemployment check,35
unemployment florida,30
first unemployment check,25
unemployment ca,20
check unemployment balance,20
unemployment checks,20
edd unemployment,15
unemployment phone number,10
florida unemployment claim,10
unemployment stimulus check,10
ky unemployment,10
file for unemployment,10
unemployment check amount,10
kentucky unemployment,10
kentucky unemployment check,10
ma unemployment,10
fl unemployment,10
nj unemployment claim,5
average unemployment check,5
ga unemployment,5
unemployment check calculator,5
mass unemployment,5
unemployment check late,5
,
,
,
Rising searches for unemployment check,
california unemployment check,Breakout
check unemployment balance,Breakout
check unemployment claim,Breakout
check unemployment status,Breakout
first unemployment check,Breakout
unemployment ca,Breakout
unemployment california,Breakout
unemployment checks,Breakout
unemployment florida,Breakout
unemployment status,Breakout
,
,
,
Top searches for unemployment benefits,
texas unemployment benefits,100
texas unemployment,100
ny unemployment benefits,90
unemployment ny,85
unemployment extension,85
unemployment benefits extension,85
extended unemployment benefits,80
california unemployment benefits,65
california unemployment,65
unemployment insurance,65
unemployment insurance benefits,60
claim unemployment,55
unemployment benefits online,55
claim unemployment benefits,50
nj unemployment benefits,50
nj unemployment,50
new york unemployment,50
unemployment benefits florida,40
florida unemployment,40
nys unemployment benefits,40
nys unemployment,40
unemployment rate,30
pa unemployment,30
pa unemployment benefits,30
unemployment benefits illinois,30
unemployment office,30
federal unemployment,30
federal unemployment benefits,30
illinois unemployment,30
unemployment benefits calculator,30
unemployment compensation,25
wisconsin unemployment,25
unemployment ohio,25
unemployment benefits wisconsin,25
ohio unemployment benefits,25
washington unemployment benefits,25
unemployment benefits nyc,20
ca unemployment benefits,20
minnesota unemployment,20
mn unemployment benefits,20
mn unemployment,20
social security benefits,20
colorado unemployment,20
minnesota unemployment benefits,20
,
,
,
Rising searches for unemployment benefits,
ny unemployment benefits,150%
unemployment benefits online,150%
claim unemployment,140%
claim unemployment benefits,140%
nys unemployment benefits,140%
unemployment ny,130%
nj unemployment benefits,110%
unemployment extension,110%
extended unemployment benefits,100%
texas unemployment,100%
,
,
,
Top searches for collect unemployment pay,
severance pay,100
,
,
,
Rising searches for collect unemployment pay,
severance pay,Breakout
,
,
,
Top searches for government benefits,
benefits of government,100
federal benefits,45
federal government,45
federal government benefits,45
government health benefits,20
employee benefits,20
government employee benefits,20
government unemployment benefits,20
government unemployment,20
state government benefits,20
us government benefits,20
government jobs benefits,15
social security benefits,15
government retirement benefits,10
government employees benefits,10
government retirement,10
disability benefits,10
government job benefits,10
government assistance,10
government disability benefits,10
government disability,10
government programs,10
free government benefits,10
federal employee benefits,5
welfare benefits,5
government service benefits,5
medical benefits,5
government veterans benefits,5
veterans benefits,5
government health care,5
government employment benefits,5
government health insurance,5
military benefits,5
federal government retirement,5
medicare benefits,5
federal government jobs,5
government housing,5
marriage benefits,0
ssi benefits,0
dc government benefits,0
government benefits association,0
government pay scale,0
gs benefits,0
extended unemployment benefits,0
veteran benefits,0
government civilian benefits,0
,
,
,
Rising searches for government benefits,
government jobs benefits,250%
government unemployment benefits,140%
benefits of government,110%
government unemployment,110%
federal government,100%
federal government benefits,100%
federal benefits,70%
state government benefits,50%
government health benefits,40%
,
,
,
Top searches for maximum unemployment benefits,
maximum unemployment benefit,100
california unemployment benefits,65
unemployment benefits texas,40
ny unemployment benefits,40
unemployment benefits florida,40
nj unemployment benefits,35
unemployment insurance benefits,30
illinois unemployment benefits,30
unemployment benefits extension,30
washington unemployment benefits,25
georgia unemployment benefits,20
pa unemployment benefits,20
michigan unemployment benefits,20
max unemployment benefits,15
federal unemployment benefits,15
massachusetts unemployment benefits,15
virginia unemployment benefits,15
nys unemployment benefits,15
ca unemployment benefits,15
ohio unemployment benefits,15
,
,
,
Rising searches for maximum unemployment benefits,
california unemployment benefits,Breakout
maximum unemployment benefit,Breakout
nj unemployment benefits,Breakout
ny unemployment benefits,Breakout
unemployment benefits florida,Breakout
unemployment benefits texas,Breakout
,
,
,
Top searches for homeless shelter,
shelter for homeless,100
shelters,90
homeless shelters,90
shelter the homeless,65
volunteer homeless shelter,30
women homeless shelter,25
salvation army shelter,20
emergency shelter,15
homeless people,10
homeless shelter nyc,10
womens shelter,10
homeless shelter chicago,10
homeless shelter jobs,10
dallas homeless shelter,10
atlanta homeless shelter,10
dc homeless shelter,10
homless shelter,5
boston homeless shelter,5
homeless shelter boulder,5
homelessness,5
la homeless shelter,5
homeless shelter houston,5
homeless shelter seattle,5
homeless shelter utah,5
austin homeless shelter,5
denver homeless shelter,5
homeless shelter philadelphia,5
phoenix homeless shelter,5
mens homeless shelter,5
columbus homeless shelter,5
portland homeless shelter,5
miami homeless shelter,5
homeless shelter orlando,5
soup kitchens,5
homeless shelter baltimore,5
homeless shelter charlotte,5
path homeless shelter,5
nyc homeless shelters,5
bakersfield homeless shelter,5
homeless shelter minneapolis,5
,
,
,
Rising searches for homeless shelter,
homeless shelter jobs,Breakout
women homeless shelter,90%
shelter for homeless,80%
homeless shelter nyc,70%
shelter the homeless,70%
salvation army shelter,60%
volunteer homeless shelter,50%
emergency shelter,40%
homeless shelters,40%
shelters,40%
,
,
,
Top searches for public housing,
public housing authority,100
housing authority,100
section 8,45
section 8 housing,40
public assistance housing,30
housing assistance,30
public assistance,25
hud public housing,25
hud housing,25
low income housing,20
public housing projects,15
public housing records,15
chicago public housing,15
public housing nyc,15
nyc housing,15
public house,15
public housing program,15
public housing application,15
public housing jobs,15
ny public housing,15
florida public housing,10
minneapolis public housing,10
affordable housing,10
texas public housing,10
government housing,10
public housing agency,10
public housing project,10
public housing mn,10
public housing boston,5
housing works,5
baltimore public housing,5
dc public housing,5
public housing authorities,5
nj public housing,5
virginia public housing,5
public housing history,5
subsidized housing,5
atlanta public housing,5
minnesota public housing,5
massachusetts public housing,5
section 8 application,5
hawaii public housing,5
philadelphia public housing,5
pha,5
public aid,5
seattle public housing,5
public housing applications,5
houston public housing,5
,
,
,
Rising searches for public housing,
public housing nyc,300%
nyc housing,200%
public housing program,130%
low income housing,110%
section 8,100%
public house,90%
section 8 housing,80%
housing authority,60%
public housing authority,60%
housing assistance,40%
,
,
,
Top searches for government housing,
government assistance,100
housing assistance,100
government housing assistance,95
housing government grants,95
government grants,95
housing grants,95
government apartments,60
government housing authority,55
government programs,55
low income housing,50
government housing programs,50
section 8 housing,50
government housing help,40
government subsidized housing,40
government housing program,40
subsidized housing,40
government help,40
hud housing,40
hud government housing,35
free housing,35
free government housing,35
us government housing,35
government housing loans,30
government loans,30
public housing,30
texas government housing,25
government assisted housing,25
affordable housing,25
government affordable housing,25
government grant,25
goverment housing,25
government housing grant,20
florida government,20
government housing florida,20
government senior housing,20
government housing loan,20
senior housing,20
free government grants,15
military housing,10
government housing aid,10
dc government housing,10
dc government,10
government home loans,10
government housing projects,10
government funding,10
housing assistance program,10
nyc government housing,10
,
,
,
Rising searches for government housing,
government assistance,250%
housing assistance,250%
government housing assistance,200%
government housing programs,170%
government apartments,160%
government programs,100%
housing government grants,60%
low income housing,60%
housing grants,50%
section 8 housing,50%
,
,
,
Top searches for help with apartment,
help with rent,100
,
,
,
Rising searches for help with apartment,
help with rent,Breakout
,
,
,
Top searches for eligible for social security,
eligible for medicare,100
social security age,75
social security eligibility,35
eligible for medicaid,25
,
,
,
Rising searches for eligible for social security,
eligible for medicaid,Breakout
eligible for medicare,Breakout
social security age,Breakout
social security eligibility,Breakout
,
,
,
Top searches for welfare office,
welfare office pa,100
welfare pa,100
social welfare office,75
welfare office number,50
public welfare office,50
california welfare office,40
california welfare,35
philadelphia welfare,30
welfare office philadelphia,30
county assistance office,25
las vegas welfare,25
welfare nj,25
nj welfare office,25
food stamp office,20
public assistance,20
welfare offices,20
nevada welfare office,20
welfare office locations,20
ohio welfare office,15
ohio welfare,15
nevada welfare,15
welfare application,15
ny welfare office,15
welfare office hours,15
welfare benefits,15
nv welfare office,15
sacramento welfare office,15
indiana welfare office,15
pennsylvania welfare office,15
pennsylvania welfare,15
pittsburgh welfare office,10
texas welfare office,10
welfare office nyc,10
welfare nyc,10
local welfare office,10
lancaster welfare office,10
florida welfare office,10
brooklyn welfare office,5
welfare fraud,5
reno welfare office,5
chester welfare office,5
bronx welfare office,5
erie welfare office,5
,
,
,
Rising searches for welfare office,
food stamp office,Breakout
las vegas welfare,Breakout
nevada welfare,Breakout
nevada welfare office,Breakout
nj welfare office,Breakout
philadelphia welfare,Breakout
welfare nj,Breakout
welfare office locations,Breakout
welfare office number,Breakout
welfare office philadelphia,Breakout
,
,
,
Top searches for free school lunch,
free reduced lunch,100
reduced lunch,100
free lunch program,65
school lunch program,65
lunch application,25
free lunch application,25
school lunch guidelines,20
free school lunches,15
free lunches,15
school lunches,15
reduced lunch application,10
national lunch program,10
school lunch menu,10
school lunch programs,10
school demographics,5
free lunch form,5
school lunch ideas,5
,
,
,
Rising searches for free school lunch,
free lunch application,Breakout
free lunches,Breakout
free school lunches,Breakout
lunch application,Breakout
national lunch program,Breakout
reduced lunch application,Breakout
school demographics,Breakout
school lunch guidelines,Breakout
school lunch programs,Breakout
reduced lunch,100%
,
,
,
Top searches for dhs office,
dhs office oregon,100
oregon dhs,95
il dhs office,85
dhs il,85
michigan dhs office,80
michigan dhs,75
dhs illinois,65
illinois dhs office,65
dhs office locator,55
dhs chicago,40
dhs office chicago,40
dhs food stamps,35
oklahoma dhs office,35
oklahoma dhs,35
food stamp office,30
dhs office hours,30
arkansas dhs office,30
ok dhs,30
arkansas dhs,25
dhs offices,25
dhs locations,25
portland dhs office,25
dhs local office,25
dhs office locations,20
dhs texas,20
iowa dhs,20
dhs ice,20
dhs jobs,20
public aid office,20
dhs tulsa office,15
ri dhs office,15
tulsa dhs,15
ri dhs,15
springfield dhs office,10
dhs skokie office,10
beaverton dhs office,10
oklahoma city dhs,10
,
,
,
Rising searches for dhs office,
dhs chicago,Breakout
dhs food stamps,Breakout
dhs il,Breakout
dhs illinois,Breakout
dhs office chicago,Breakout
dhs office locator,Breakout
dhs office oregon,Breakout
il dhs office,Breakout
illinois dhs office,Breakout
michigan dhs,Breakout
,
,
,
Top searches for welfare money,
what is welfare,100
welfare state,80
social welfare,80
welfare states,65
welfare recipients,50
welfare california,50
welfare programs,50
welfare statistics,45
welfare money statistics,45
welfare benefits,45
welfare spending,40
welfare budget,40
apply for welfare,35
welfare drug testing,35
welfare system,30
cost of welfare,30
florida welfare,30
welfare reform,25
welfare fraud,20
ca welfare,20
welfare requirements,20
welfare check,20
corporate welfare,15
welfare in pa,15
,
,
,
Rising searches for welfare money,
social welfare,Breakout
welfare benefits,Breakout
welfare california,Breakout
welfare money statistics,Breakout
welfare programs,Breakout
welfare recipients,Breakout
welfare state,Breakout
welfare states,Breakout
welfare statistics,Breakout
what is welfare,Breakout
,
,
,
Top searches for welfare program,
the welfare program,100
welfare work program,75
social welfare,75
social welfare program,70
child welfare program,65
child welfare,60
welfare to work,55
welfare programs,55
welfare state,50
department of welfare,35
welfare california,30
what is welfare,30
california welfare program,30
welfare office,30
pa welfare,25
government welfare program,25
pa welfare program,25
food stamps program,25
wic program,25
welfare benefits,25
food stamp program,25
tanf welfare program,20
federal welfare program,20
tanf,20
tanf program,20
welfare reform,20
welfare reform program,20
us welfare program,20
florida welfare program,15
florida welfare,15
social welfare programs,15
texas welfare,15
animal welfare program,15
texas welfare program,15
welfare system,15
new york welfare,15
welfare insurance,15
child welfare services,10
welfare requirements,10
nj welfare program,10
apply for welfare,10
ohio welfare,10
welfare program history,10
welfare eligibility,10
american welfare program,10
welfare statistics,10
ohio welfare program,10
welfare program statistics,10
snap program,10
welfare nyc,10
,
,
,
Rising searches for welfare program,
pa welfare,Breakout
what is welfare,Breakout
the welfare program,170%
child welfare program,160%
welfare state,120%
welfare to work,120%
department of welfare,90%
welfare office,90%
child welfare,80%
social welfare program,80%
,
,
,
Top searches for cashier,
cashier job,100
cashier jobs,65
cashier description,60
job description cashier,55
cashier check,55
job description,55
resume cashier,50
cashier duties,35
duties,30
cashier office,20
cashiers,20
walmart cashier,20
resume for cashier,20
cashier salary,15
duties of cashier,15
cashier responsibilities,15
cashier checks,10
cashier job duties,10
retail cashier,10
cashier games,10
target cashier,10
cashiers check,10
cashier register,10
cashier skills,10
sample cashier resume,10
mcdonalds cashier,10
sales associate,10
home depot cashier,5
job descriptions,5
cashier job descriptions,5
cashier training,5
cashier duties resume,5
cashier resume examples,5
cashier game,5
head cashier,5
being a cashier,5
cashier games online,5
customer service resume,5
cashier interview questions,5
,
,
,
Rising searches for cashier,
resume for cashier,Breakout
walmart cashier,Breakout
job description cashier,400%
job description,350%
cashier description,300%
cashier duties,250%
duties,250%
resume cashier,200%
cashier job,190%
cashier jobs,140%
Top searches for help paying utility bill
help paying bills,100



Rising searches for help paying utility bill
help paying bills,Breakout



